{
    "total_runtime": 98.42376685142517,
    "num_documents": 5,
    "input_load_time": 0,
    "workflows": {
        "create_base_text_units": {
            "overall": 0.10733723640441895,
            "0_orderby": 0.0012359619140625,
            "1_zip": 0.001482248306274414,
            "2_aggregate_override": 0.0022177696228027344,
            "3_chunk": 0.08290290832519531,
            "4_select": 0.0017812252044677734,
            "5_unroll": 0.0021779537200927734,
            "6_rename": 0.0016739368438720703,
            "7_genid": 0.002001523971557617,
            "8_unzip": 0.002077817916870117,
            "9_copy": 0.001874685287475586,
            "10_filter": 0.006760358810424805
        },
        "create_base_extracted_entities": {
            "overall": 22.78167700767517,
            "0_entity_extract": 22.770970344543457,
            "1_merge_graphs": 0.008522987365722656
        },
        "create_final_covariates": {
            "overall": 30.113836765289307,
            "0_extract_covariates": 30.090460062026978,
            "1_window": 0.0054662227630615234,
            "2_genid": 0.0029141902923583984,
            "3_convert": 0.00621795654296875,
            "4_rename": 0.0031287670135498047,
            "5_select": 0.00322723388671875
        },
        "create_summarized_entities": {
            "overall": 9.790439367294312,
            "0_summarize_descriptions": 9.787109613418579
        },
        "join_text_units_to_covariate_ids": {
            "overall": 0.012025117874145508,
            "0_select": 0.0037927627563476562,
            "1_aggregate_override": 0.004663705825805664
        },
        "create_base_entity_graph": {
            "overall": 0.02720355987548828,
            "0_cluster_graph": 0.019217967987060547,
            "1_select": 0.004128932952880859
        },
        "create_final_entities": {
            "overall": 1.8445782661437988,
            "0_unpack_graph": 0.009732484817504883,
            "1_rename": 0.004313945770263672,
            "2_select": 0.004469871520996094,
            "3_dedupe": 0.00467991828918457,
            "4_rename": 0.004622459411621094,
            "5_filter": 0.011070013046264648,
            "6_text_split": 0.005517482757568359,
            "7_drop": 0.005235910415649414,
            "8_merge": 0.012706518173217773,
            "9_text_embed": 1.760063648223877,
            "10_drop": 0.005419015884399414,
            "11_filter": 0.012238740921020508
        },
        "create_final_nodes": {
            "overall": 0.11883687973022461,
            "0_layout_graph": 0.02315235137939453,
            "1_unpack_graph": 0.011260986328125,
            "2_unpack_graph": 0.011158943176269531,
            "3_drop": 0.005906105041503906,
            "4_filter": 0.013592243194580078,
            "5_select": 0.0062558650970458984,
            "6_rename": 0.006232738494873047,
            "7_convert": 0.020233869552612305,
            "8_join": 0.008884191513061523,
            "9_rename": 0.006627559661865234
        },
        "create_final_communities": {
            "overall": 0.156219482421875,
            "0_unpack_graph": 0.012017250061035156,
            "1_unpack_graph": 0.01178884506225586,
            "2_aggregate_override": 0.008542776107788086,
            "3_join": 0.009685039520263672,
            "4_join": 0.009481191635131836,
            "5_concat": 0.007432699203491211,
            "6_filter": 0.021526575088500977,
            "7_aggregate_override": 0.008906841278076172,
            "8_join": 0.009830474853515625,
            "9_filter": 0.01733994483947754,
            "10_fill": 0.007848024368286133,
            "11_merge": 0.008683919906616211,
            "12_copy": 0.007992744445800781,
            "13_select": 0.008207082748413086
        },
        "join_text_units_to_entity_ids": {
            "overall": 0.03556942939758301,
            "0_select": 0.008475542068481445,
            "1_unroll": 0.009198427200317383,
            "2_aggregate_override": 0.00953531265258789
        },
        "create_final_relationships": {
            "overall": 0.1192772388458252,
            "0_unpack_graph": 0.014144420623779297,
            "1_filter": 0.0193326473236084,
            "2_rename": 0.00898432731628418,
            "3_filter": 0.019243240356445312,
            "4_drop": 0.009181499481201172,
            "5_compute_edge_combined_degree": 0.01082921028137207,
            "6_convert": 0.01908588409423828,
            "7_convert": 0.009599447250366211
        },
        "join_text_units_to_relationship_ids": {
            "overall": 0.05121898651123047,
            "0_select": 0.009986639022827148,
            "1_unroll": 0.010454416275024414,
            "2_aggregate_override": 0.010889768600463867,
            "3_select": 0.010090351104736328
        },
        "create_final_community_reports": {
            "overall": 31.529239892959595,
            "0_prepare_community_reports_nodes": 0.011384248733520508,
            "1_prepare_community_reports_edges": 0.011040210723876953,
            "2_prepare_community_reports_claims": 0.010751008987426758,
            "3_restore_community_hierarchy": 0.022757768630981445,
            "4_prepare_community_reports": 0.031935691833496094,
            "5_create_community_reports": 31.419512271881104,
            "6_window": 0.011505842208862305
        },
        "create_final_text_units": {
            "overall": 0.09867477416992188,
            "0_select": 0.011324405670166016,
            "1_rename": 0.01129603385925293,
            "2_join": 0.013370752334594727,
            "3_join": 0.013433694839477539,
            "4_join": 0.013435840606689453,
            "5_aggregate_override": 0.012588977813720703,
            "6_select": 0.011778831481933594
        },
        "create_base_documents": {
            "overall": 0.1429736614227295,
            "0_unroll": 0.012658834457397461,
            "1_select": 0.012378215789794922,
            "2_rename": 0.012439727783203125,
            "3_join": 0.014194965362548828,
            "4_aggregate_override": 0.013249874114990234,
            "5_join": 0.014430522918701172,
            "6_rename": 0.012652397155761719,
            "7_convert": 0.038945674896240234
        },
        "create_final_documents": {
            "overall": 0.02626824378967285,
            "0_rename": 0.013227701187133789
        }
    }
}