{
    "total_runtime": 0.17580151557922363,
    "num_documents": 12,
    "input_load_time": 0,
    "workflows": {
        "create_base_text_units": {
            "overall": 0.115936279296875,
            "0_orderby": 0.0012683868408203125,
            "1_zip": 0.001535654067993164,
            "2_aggregate_override": 0.0029604434967041016,
            "3_chunk": 0.08951783180236816,
            "4_select": 0.0017330646514892578,
            "5_unroll": 0.0029828548431396484,
            "6_rename": 0.0016748905181884766,
            "7_genid": 0.0025260448455810547,
            "8_unzip": 0.002079010009765625,
            "9_copy": 0.0019049644470214844,
            "10_filter": 0.006613016128540039
        }
    }
}