{
    "total_runtime": 4.595378398895264,
    "num_documents": 5,
    "input_load_time": 0,
    "workflows": {
        "create_base_text_units": {
            "overall": 2.0250797271728516,
            "0_orderby": 0.0026848316192626953,
            "1_zip": 0.0015592575073242188,
            "2_aggregate_override": 0.0029294490814208984,
            "3_chunk": 1.9972715377807617,
            "4_select": 0.0018548965454101562,
            "5_unroll": 0.0029883384704589844,
            "6_rename": 0.001725912094116211,
            "7_genid": 0.002134084701538086,
            "8_unzip": 0.0021810531616210938,
            "9_copy": 0.0018663406372070312,
            "10_filter": 0.006726503372192383
        },
        "create_base_extracted_entities": {
            "overall": 0.04855680465698242,
            "0_entity_extract": 0.03785967826843262,
            "1_merge_graphs": 0.008566141128540039
        },
        "create_final_covariates": {
            "overall": 0.03022313117980957,
            "0_extract_covariates": 0.009220361709594727,
            "1_window": 0.0028536319732666016,
            "2_genid": 0.0028769969940185547,
            "3_convert": 0.0061855316162109375,
            "4_rename": 0.0031714439392089844,
            "5_select": 0.0033299922943115234
        },
        "create_summarized_entities": {
            "overall": 0.027496814727783203,
            "0_summarize_descriptions": 0.02422785758972168
        },
        "join_text_units_to_covariate_ids": {
            "overall": 0.012764692306518555,
            "0_select": 0.0037827491760253906,
            "1_aggregate_override": 0.005368709564208984
        },
        "create_base_entity_graph": {
            "overall": 0.027141809463500977,
            "0_cluster_graph": 0.0193023681640625,
            "1_select": 0.004096508026123047
        },
        "create_final_entities": {
            "overall": 0.15906119346618652,
            "0_unpack_graph": 0.009689569473266602,
            "1_rename": 0.0043604373931884766,
            "2_select": 0.004584074020385742,
            "3_dedupe": 0.0047457218170166016,
            "4_rename": 0.0045664310455322266,
            "5_filter": 0.01079416275024414,
            "6_text_split": 0.00547480583190918,
            "7_drop": 0.005083322525024414,
            "8_merge": 0.012804031372070312,
            "9_text_embed": 0.07528829574584961,
            "10_drop": 0.005383968353271484,
            "11_filter": 0.012172698974609375
        },
        "create_final_nodes": {
            "overall": 0.12726974487304688,
            "0_layout_graph": 0.02452874183654785,
            "1_unpack_graph": 0.01148366928100586,
            "2_unpack_graph": 0.011336088180541992,
            "3_drop": 0.005909442901611328,
            "4_filter": 0.019821882247924805,
            "5_select": 0.0061702728271484375,
            "6_rename": 0.006270647048950195,
            "7_join": 0.00954747200012207,
            "8_convert": 0.019917964935302734,
            "9_rename": 0.0065670013427734375
        },
        "create_final_communities": {
            "overall": 0.15528178215026855,
            "0_unpack_graph": 0.011837244033813477,
            "1_unpack_graph": 0.011797189712524414,
            "2_aggregate_override": 0.008520364761352539,
            "3_join": 0.009994745254516602,
            "4_join": 0.009639263153076172,
            "5_concat": 0.007354259490966797,
            "6_filter": 0.021121501922607422,
            "7_aggregate_override": 0.008811235427856445,
            "8_join": 0.009839773178100586,
            "9_filter": 0.01709890365600586,
            "10_fill": 0.007752895355224609,
            "11_merge": 0.008703947067260742,
            "12_copy": 0.007910013198852539,
            "13_select": 0.008115768432617188
        },
        "join_text_units_to_entity_ids": {
            "overall": 0.03575778007507324,
            "0_select": 0.00867772102355957,
            "1_unroll": 0.009179115295410156,
            "2_aggregate_override": 0.009551525115966797
        },
        "create_final_relationships": {
            "overall": 0.11854195594787598,
            "0_unpack_graph": 0.013854742050170898,
            "1_filter": 0.019108057022094727,
            "2_rename": 0.008844137191772461,
            "3_filter": 0.019292116165161133,
            "4_drop": 0.009203672409057617,
            "5_compute_edge_combined_degree": 0.010704994201660156,
            "6_convert": 0.019195556640625,
            "7_convert": 0.009482383728027344
        },
        "join_text_units_to_relationship_ids": {
            "overall": 0.05049896240234375,
            "0_select": 0.009810924530029297,
            "1_unroll": 0.010334491729736328,
            "2_aggregate_override": 0.010831594467163086,
            "3_select": 0.009932279586791992
        },
        "create_final_community_reports": {
            "overall": 0.11567568778991699,
            "0_prepare_community_reports_nodes": 0.011481285095214844,
            "1_prepare_community_reports_edges": 0.011125326156616211,
            "2_prepare_community_reports_claims": 0.010896682739257812,
            "3_restore_community_hierarchy": 0.011823415756225586,
            "4_prepare_community_reports": 0.03253912925720215,
            "5_create_community_reports": 0.01661372184753418,
            "6_window": 0.01107168197631836
        },
        "create_final_text_units": {
            "overall": 0.0998086929321289,
            "0_select": 0.011360406875610352,
            "1_rename": 0.011311531066894531,
            "2_join": 0.013410091400146484,
            "3_join": 0.01377248764038086,
            "4_join": 0.013576030731201172,
            "5_aggregate_override": 0.01337575912475586,
            "6_select": 0.011887073516845703
        },
        "create_base_documents": {
            "overall": 0.14281678199768066,
            "0_unroll": 0.01271510124206543,
            "1_select": 0.012305021286010742,
            "2_rename": 0.012427568435668945,
            "3_join": 0.014078378677368164,
            "4_aggregate_override": 0.013044118881225586,
            "5_join": 0.015516519546508789,
            "6_rename": 0.012534379959106445,
            "7_convert": 0.03807473182678223
        },
        "create_final_documents": {
            "overall": 0.02597665786743164,
            "0_rename": 0.013149023056030273
        }
    }
}