{
    "total_runtime": 329.9332537651062,
    "num_documents": 12,
    "input_load_time": 0,
    "workflows": {
        "create_base_text_units": {
            "overall": 0.11397480964660645,
            "0_orderby": 0.0012466907501220703,
            "1_zip": 0.0014548301696777344,
            "2_aggregate_override": 0.002293109893798828,
            "3_chunk": 0.08969974517822266,
            "4_select": 0.0017549991607666016,
            "5_unroll": 0.0021963119506835938,
            "6_rename": 0.0016603469848632812,
            "7_genid": 0.0025703907012939453,
            "8_unzip": 0.002104043960571289,
            "9_copy": 0.0019023418426513672,
            "10_filter": 0.0059664249420166016
        },
        "create_base_extracted_entities": {
            "overall": 87.39799499511719,
            "0_entity_extract": 87.35925793647766,
            "1_merge_graphs": 0.036591529846191406
        },
        "create_final_covariates": {
            "overall": 123.50007820129395,
            "0_extract_covariates": 123.47847366333008,
            "1_window": 0.0029239654541015625,
            "2_genid": 0.0029163360595703125,
            "3_convert": 0.006923198699951172,
            "4_rename": 0.003062725067138672,
            "5_select": 0.0032312870025634766
        },
        "create_summarized_entities": {
            "overall": 15.718382120132446,
            "0_summarize_descriptions": 15.715071201324463
        },
        "join_text_units_to_covariate_ids": {
            "overall": 0.012577533721923828,
            "0_select": 0.0036497116088867188,
            "1_aggregate_override": 0.005518198013305664
        },
        "create_base_entity_graph": {
            "overall": 0.22020316123962402,
            "0_cluster_graph": 0.2123277187347412,
            "1_select": 0.0040395259857177734
        },
        "create_final_entities": {
            "overall": 3.0271925926208496,
            "0_unpack_graph": 0.05634045600891113,
            "1_rename": 0.004542112350463867,
            "2_select": 0.004627704620361328,
            "3_dedupe": 0.004784822463989258,
            "4_rename": 0.004619598388671875,
            "5_filter": 0.013993024826049805,
            "6_text_split": 0.008085250854492188,
            "7_drop": 0.0048923492431640625,
            "8_merge": 0.05951380729675293,
            "9_text_embed": 2.8408493995666504,
            "10_drop": 0.005389213562011719,
            "11_filter": 0.01535940170288086
        },
        "create_final_nodes": {
            "overall": 0.6062867641448975,
            "0_layout_graph": 0.3248257637023926,
            "1_unpack_graph": 0.0624690055847168,
            "2_unpack_graph": 0.1350550651550293,
            "3_filter": 0.02218937873840332,
            "4_drop": 0.006043434143066406,
            "5_select": 0.006201982498168945,
            "6_rename": 0.006170511245727539,
            "7_convert": 0.019722938537597656,
            "8_join": 0.011098384857177734,
            "9_rename": 0.006835460662841797
        },
        "create_final_communities": {
            "overall": 0.42383527755737305,
            "0_unpack_graph": 0.05907750129699707,
            "1_unpack_graph": 0.12955522537231445,
            "2_aggregate_override": 0.008968591690063477,
            "3_join": 0.012082099914550781,
            "4_join": 0.011862516403198242,
            "5_concat": 0.007506608963012695,
            "6_filter": 0.10716128349304199,
            "7_aggregate_override": 0.012749910354614258,
            "8_join": 0.009954214096069336,
            "9_filter": 0.017374038696289062,
            "10_fill": 0.00780797004699707,
            "11_merge": 0.016831636428833008,
            "12_copy": 0.00792551040649414,
            "13_select": 0.008069992065429688
        },
        "join_text_units_to_entity_ids": {
            "overall": 0.03663277626037598,
            "0_select": 0.008606433868408203,
            "1_unroll": 0.00940251350402832,
            "2_aggregate_override": 0.010196924209594727
        },
        "create_final_relationships": {
            "overall": 0.18419671058654785,
            "0_unpack_graph": 0.06041145324707031,
            "1_filter": 0.028144359588623047,
            "2_rename": 0.009035110473632812,
            "3_filter": 0.02832484245300293,
            "4_drop": 0.009277820587158203,
            "5_compute_edge_combined_degree": 0.011195182800292969,
            "6_convert": 0.019249916076660156,
            "7_convert": 0.009755849838256836
        },
        "join_text_units_to_relationship_ids": {
            "overall": 0.05232834815979004,
            "0_select": 0.009814262390136719,
            "1_unroll": 0.010743856430053711,
            "2_aggregate_override": 0.011459827423095703,
            "3_select": 0.01060342788696289
        },
        "create_final_community_reports": {
            "overall": 96.76738142967224,
            "0_prepare_community_reports_nodes": 0.018763303756713867,
            "1_prepare_community_reports_edges": 0.013726949691772461,
            "2_prepare_community_reports_claims": 0.011032342910766602,
            "3_restore_community_hierarchy": 0.015572071075439453,
            "4_prepare_community_reports": 0.22710490226745605,
            "5_create_community_reports": 96.45890974998474,
            "6_window": 0.011844635009765625
        },
        "create_final_text_units": {
            "overall": 0.09832119941711426,
            "0_select": 0.011199951171875,
            "1_rename": 0.011100053787231445,
            "2_join": 0.013141870498657227,
            "3_join": 0.013348579406738281,
            "4_join": 0.013390541076660156,
            "5_aggregate_override": 0.013239860534667969,
            "6_select": 0.011985063552856445
        },
        "create_base_documents": {
            "overall": 0.14144039154052734,
            "0_unroll": 0.012578725814819336,
            "1_select": 0.012147903442382812,
            "2_rename": 0.01221323013305664,
            "3_join": 0.014075040817260742,
            "4_aggregate_override": 0.013008594512939453,
            "5_join": 0.015146970748901367,
            "6_rename": 0.012492656707763672,
            "7_convert": 0.03777623176574707
        },
        "create_final_documents": {
            "overall": 0.025704145431518555,
            "0_rename": 0.012940168380737305
        }
    }
}